SUNCOR_WELLBORE_ID,FILE_NAME,FOLDER_SURFACE_NAME,MD,RECEIVED_DATE,STRUCTURE_RELEASE,WELLBORE_STATUS,WELLBORE_COMPLETION_STATUS,SAA_PATTERN,NGF_PATTERN,AMENDMENT_SUMMARY,TVD,PETREL_SURFACE_Y,PETREL_KB_ELEV,PETREL_GROUND_ELEV,IHS_KB_ELEV,WELLBORE_TYPE,ACTIVE_WELLBORE_FLAG,PRIOR_UWI,CURRENT_UWI_EFFECTIVE_DATE,LICENSE_ID,LICENSE_NUMBER,LICENSE_DATE,PETREL_SURFACE_X,WELL_PAIR,COMMON_WELLNAME,COMMON_WELLBORE_NAME,WELLVIEW_WELLNAME,PETREL_WELLNAME,CURRENT_UWI,TVDSS,X_COORDINATE,Y_COORDINATE,PROJECT,SURFACE_PAD,PATTERN
SUN-AB0458829-093-12-W4-00,125150709312W400,z-(base-of-continuous-res)-constrained-(unofficial),247.389999,2020-08-27T00:00:00.0000000,20xx-structure-release,Active,Cased,751 N,751 N,,167.802008,6322832.000000,,434.299988,438.900000,SAGD Producer,Y,,,AB0458829,0458829,2013-08-26T00:00:00.0000000,443853.000000,751-WP06,751-P06,751-P06-Original,SUNCOR 751P6 DOVER 15-7-93-12,SUNCOR P751P6 DOVER 15-7-93-12,125150709312W400,271.097992,443980.968750,6322985.000000,Mackay River,Pad 751,Pad 751 North
SUN-AB0458829-093-12-W4-00,125150709312W400,z-(base-of-continuous-res)-constrained-(unofficial),215.000000,2020-08-27T00:00:00.0000000,20xx-structure-release,Active,Cased,751 N,751 N,,167.669348,6322832.000000,,434.299988,438.900000,SAGD Producer,Y,,,AB0458829,0458829,2013-08-26T00:00:00.0000000,443853.000000,751-WP06,751-P06,751-P06-Original,SUNCOR 751P6 DOVER 15-7-93-12,SUNCOR P751P6 DOVER 15-7-93-12,125150709312W400,271.230652,443963.656250,6322959.500000,Mackay River,Pad 751,Pad 751 North
SUN-AB0458829-093-12-W4-00,125150709312W400,z-(base-of-continuous-res)-constrained-(unofficial),298.329987,2020-08-27T00:00:00.0000000,20xx-structure-release,Active,Cased,751 N,751 N,,168.004614,6322832.000000,,434.299988,438.900000,SAGD Producer,Y,,,AB0458829,0458829,2013-08-26T00:00:00.0000000,443853.000000,751-WP06,751-P06,751-P06-Original,SUNCOR 751P6 DOVER 15-7-93-12,SUNCOR P751P6 DOVER 15-7-93-12,125150709312W400,270.895386,444004.968750,6323029.500000,Mackay River,Pad 751,Pad 751 North
SUN-AB0458829-093-12-W4-00,125150709312W400,z-(base-of-continuous-res)-constrained-(unofficial),307.290009,2020-08-27T00:00:00.0000000,20xx-structure-release,Active,Cased,751 N,751 N,,168.029517,6322832.000000,,434.299988,438.900000,SAGD Producer,Y,,,AB0458829,0458829,2013-08-26T00:00:00.0000000,443853.000000,751-WP06,751-P06,751-P06-Original,SUNCOR 751P6 DOVER 15-7-93-12,SUNCOR P751P6 DOVER 15-7-93-12,125150709312W400,270.870483,444009.218750,6323037.000000,Mackay River,Pad 751,Pad 751 North
SUN-AB0458829-093-12-W4-00,125150709312W400,z-(base-of-continuous-res)-constrained-(unofficial),190.573334,2020-08-27T00:00:00.0000000,20xx-structure-release,Active,Cased,751 N,751 N,,167.565131,6322832.000000,,434.299988,438.900000,SAGD Producer,Y,,,AB0458829,0458829,2013-08-26T00:00:00.0000000,443853.000000,751-WP06,751-P06,751-P06-Original,SUNCOR 751P6 DOVER 15-7-93-12,SUNCOR P751P6 DOVER 15-7-93-12,125150709312W400,271.334869,443950.031250,6322942.000000,Mackay River,Pad 751,Pad 751 North
SUN-AB0458829-093-12-W4-00,125150709312W400,z-(base-of-continuous-res)-constrained-(unofficial),275.375000,2020-08-27T00:00:00.0000000,20xx-structure-release,Active,Cased,751 N,751 N,,167.924689,6322832.000000,,434.299988,438.900000,SAGD Producer,Y,,,AB0458829,0458829,2013-08-26T00:00:00.0000000,443853.000000,751-WP06,751-P06,751-P06-Original,SUNCOR 751P6 DOVER 15-7-93-12,SUNCOR P751P6 DOVER 15-7-93-12,125150709312W400,270.975311,443994.437500,6323009.000000,Mackay River,Pad 751,Pad 751 North
SUN-AB0458829-093-12-W4-00,125150709312W400,z-(base-of-continuous-res)-constrained-(unofficial),175.543335,2020-08-27T00:00:00.0000000,20xx-structure-release,Active,Cased,751 N,751 N,,167.527625,6322832.000000,,434.299988,438.900000,SAGD Producer,Y,,,AB0458829,0458829,2013-08-26T00:00:00.0000000,443853.000000,751-WP06,751-P06,751-P06-Original,SUNCOR 751P6 DOVER 15-7-93-12,SUNCOR P751P6 DOVER 15-7-93-12,125150709312W400,271.372375,443941.656250,6322932.000000,Mackay River,Pad 751,Pad 751 North
SUN-AB0458829-093-12-W4-00,125150709312W400,z-(base-of-continuous-res)-constrained-(unofficial),284.575012,2020-08-27T00:00:00.0000000,20xx-structure-release,Active,Cased,751 N,751 N,,167.970190,6322832.000000,,434.299988,438.900000,SAGD Producer,Y,,,AB0458829,0458829,2013-08-26T00:00:00.0000000,443853.000000,751-WP06,751-P06,751-P06-Original,SUNCOR 751P6 DOVER 15-7-93-12,SUNCOR P751P6 DOVER 15-7-93-12,125150709312W400,270.929810,443998.656250,6323017.000000,Mackay River,Pad 751,Pad 751 North
SUN-AB0458829-093-12-W4-00,125150709312W400,z-(base-of-continuous-res)-constrained-(unofficial),289.059998,2020-08-27T00:00:00.0000000,20xx-structure-release,Active,Cased,751 N,751 N,,167.981360,6322832.000000,,434.299988,438.900000,SAGD Producer,Y,,,AB0458829,0458829,2013-08-26T00:00:00.0000000,443853.000000,751-WP06,751-P06,751-P06-Original,SUNCOR 751P6 DOVER 15-7-93-12,SUNCOR P751P6 DOVER 15-7-93-12,125150709312W400,270.918640,444000.687500,6323021.000000,Mackay River,Pad 751,Pad 751 North
SUN-AB0458829-093-12-W4-00,125150709312W400,z-(base-of-continuous-res)-constrained-(unofficial),199.903336,2020-08-27T00:00:00.0000000,20xx-structure-release,Active,Cased,751 N,751 N,,167.605017,6322832.000000,,434.299988,438.900000,SAGD Producer,Y,,,AB0458829,0458829,2013-08-26T00:00:00.0000000,443853.000000,751-WP06,751-P06,751-P06-Original,SUNCOR 751P6 DOVER 15-7-93-12,SUNCOR P751P6 DOVER 15-7-93-12,125150709312W400,271.294983,443955.250000,6322948.500000,Mackay River,Pad 751,Pad 751 North
SUN-AB0458829-093-12-W4-00,125150709312W400,z-(base-of-continuous-res)-constrained-(unofficial),178.600006,2020-08-27T00:00:00.0000000,20xx-structure-release,Active,Cased,751 N,751 N,,167.532172,6322832.000000,,434.299988,438.900000,SAGD Producer,Y,,,AB0458829,0458829,2013-08-26T00:00:00.0000000,443853.000000,751-WP06,751-P06,751-P06-Original,SUNCOR 751P6 DOVER 15-7-93-12,SUNCOR P751P6 DOVER 15-7-93-12,125150709312W400,271.367828,443943.375000,6322933.500000,Mackay River,Pad 751,Pad 751 North
SUN-AB0458829-093-12-W4-00,125150709312W400,z-(base-of-continuous-res)-constrained-(unofficial),302.809998,2020-08-27T00:00:00.0000000,20xx-structure-release,Active,Cased,751 N,751 N,,168.016211,6322832.000000,,434.299988,438.900000,SAGD Producer,Y,,,AB0458829,0458829,2013-08-26T00:00:00.0000000,443853.000000,751-WP06,751-P06,751-P06-Original,SUNCOR 751P6 DOVER 15-7-93-12,SUNCOR P751P6 DOVER 15-7-93-12,125150709312W400,270.883789,444007.062500,6323033.000000,Mackay River,Pad 751,Pad 751 North
SUN-AB0458829-093-12-W4-00,125150709312W400,z-(base-of-continuous-res)-constrained-(unofficial),218.166672,2020-08-27T00:00:00.0000000,20xx-structure-release,Active,Cased,751 N,751 N,,167.682745,6322832.000000,,434.299988,438.900000,SAGD Producer,Y,,,AB0458829,0458829,2013-08-26T00:00:00.0000000,443853.000000,751-WP06,751-P06,751-P06-Original,SUNCOR 751P6 DOVER 15-7-93-12,SUNCOR P751P6 DOVER 15-7-93-12,125150709312W400,271.217255,443965.406250,6322962.000000,Mackay River,Pad 751,Pad 751 North
SUN-AB0458829-093-12-W4-00,125150709312W400,z-(base-of-continuous-res)-constrained-(unofficial),252.210007,2020-08-27T00:00:00.0000000,20xx-structure-release,Active,Cased,751 N,751 N,,167.816168,6322832.000000,,434.299988,438.900000,SAGD Producer,Y,,,AB0458829,0458829,2013-08-26T00:00:00.0000000,443853.000000,751-WP06,751-P06,751-P06-Original,SUNCOR 751P6 DOVER 15-7-93-12,SUNCOR P751P6 DOVER 15-7-93-12,125150709312W400,271.083832,443983.375000,6322989.500000,Mackay River,Pad 751,Pad 751 North
SUN-AB0458829-093-12-W4-00,125150709312W400,z-(base-of-continuous-res)-constrained-(unofficial),187.460007,2020-08-27T00:00:00.0000000,20xx-structure-release,Active,Cased,751 N,751 N,,167.551917,6322832.000000,,434.299988,438.900000,SAGD Producer,Y,,,AB0458829,0458829,2013-08-26T00:00:00.0000000,443853.000000,751-WP06,751-P06,751-P06-Original,SUNCOR 751P6 DOVER 15-7-93-12,SUNCOR P751P6 DOVER 15-7-93-12,125150709312W400,271.348083,443948.312500,6322939.500000,Mackay River,Pad 751,Pad 751 North
SUN-AB0458829-093-12-W4-00,125150709312W400,z-(base-of-continuous-res)-constrained-(unofficial),193.686661,2020-08-27T00:00:00.0000000,20xx-structure-release,Active,Cased,751 N,751 N,,167.578406,6322832.000000,,434.299988,438.900000,SAGD Producer,Y,,,AB0458829,0458829,2013-08-26T00:00:00.0000000,443853.000000,751-WP06,751-P06,751-P06-Original,SUNCOR 751P6 DOVER 15-7-93-12,SUNCOR P751P6 DOVER 15-7-93-12,125150709312W400,271.321594,443951.781250,6322944.000000,Mackay River,Pad 751,Pad 751 North
SUN-AB0458829-093-12-W4-00,125150709312W400,z-(base-of-continuous-res)-constrained-(unofficial),293.695007,2020-08-27T00:00:00.0000000,20xx-structure-release,Active,Cased,751 N,751 N,,167.992926,6322832.000000,,434.299988,438.900000,SAGD Producer,Y,,,AB0458829,0458829,2013-08-26T00:00:00.0000000,443853.000000,751-WP06,751-P06,751-P06-Original,SUNCOR 751P6 DOVER 15-7-93-12,SUNCOR P751P6 DOVER 15-7-93-12,125150709312W400,270.907074,444002.812500,6323025.000000,Mackay River,Pad 751,Pad 751 North
SUN-AB0458829-093-12-W4-00,125150709312W400,z-(base-of-continuous-res)-constrained-(unofficial),316.250000,2020-08-27T00:00:00.0000000,20xx-structure-release,Active,Cased,751 N,751 N,,168.057623,6322832.000000,,434.299988,438.900000,SAGD Producer,Y,,,AB0458829,0458829,2013-08-26T00:00:00.0000000,443853.000000,751-WP06,751-P06,751-P06-Original,SUNCOR 751P6 DOVER 15-7-93-12,SUNCOR P751P6 DOVER 15-7-93-12,125150709312W400,270.842377,444013.687500,6323044.500000,Mackay River,Pad 751,Pad 751 North
SUN-AB0458829-093-12-W4-00,125150709312W400,z-(base-of-continuous-res)-constrained-(unofficial),655.900024,2020-08-27T00:00:00.0000000,20xx-structure-release,Active,Cased,751 N,751 N,,167.694189,6322832.000000,,434.299988,438.900000,SAGD Producer,Y,,,AB0458829,0458829,2013-08-26T00:00:00.0000000,443853.000000,751-WP06,751-P06,751-P06-Original,SUNCOR 751P6 DOVER 15-7-93-12,SUNCOR P751P6 DOVER 15-7-93-12,125150709312W400,271.205811,444069.812500,6323370.500000,Mackay River,Pad 751,Pad 751 North
SUN-AB0458829-093-12-W4-00,125150709312W400,z-(base-of-continuous-res)-constrained-(unofficial),564.119995,2020-08-27T00:00:00.0000000,20xx-structure-release,Active,Cased,751 N,751 N,,167.090582,6322832.000000,,434.299988,438.900000,SAGD Producer,Y,,,AB0458829,0458829,2013-08-26T00:00:00.0000000,443853.000000,751-WP06,751-P06,751-P06-Original,SUNCOR 751P6 DOVER 15-7-93-12,SUNCOR P751P6 DOVER 15-7-93-12,125150709312W400,271.809418,444071.093750,6323278.500000,Mackay River,Pad 751,Pad 751 North
SUN-AB0458829-093-12-W4-00,125150709312W400,z-(base-of-continuous-res)-constrained-(unofficial),545.703308,2020-08-27T00:00:00.0000000,20xx-structure-release,Active,Cased,751 N,751 N,,167.153479,6322832.000000,,434.299988,438.900000,SAGD Producer,Y,,,AB0458829,0458829,2013-08-26T00:00:00.0000000,443853.000000,751-WP06,751-P06,751-P06-Original,SUNCOR 751P6 DOVER 15-7-93-12,SUNCOR P751P6 DOVER 15-7-93-12,125150709312W400,271.746521,444071.406250,6323260.000000,Mackay River,Pad 751,Pad 751 North
SUN-AB0458829-093-12-W4-00,125150709312W400,z-(base-of-continuous-res)-constrained-(unofficial),619.109985,2020-08-27T00:00:00.0000000,20xx-structure-release,Active,Cased,751 N,751 N,,167.873114,6322832.000000,,434.299988,438.900000,SAGD Producer,Y,,,AB0458829,0458829,2013-08-26T00:00:00.0000000,443853.000000,751-WP06,751-P06,751-P06-Original,SUNCOR 751P6 DOVER 15-7-93-12,SUNCOR P751P6 DOVER 15-7-93-12,125150709312W400,271.026886,444070.125000,6323333.500000,Mackay River,Pad 751,Pad 751 North
SUN-AB0458829-093-12-W4-00,125150709312W400,z-(base-of-continuous-res)-constrained-(unofficial),598.494995,2020-08-27T00:00:00.0000000,20xx-structure-release,Active,Cased,751 N,751 N,,167.446173,6322832.000000,,434.299988,438.900000,SAGD Producer,Y,,,AB0458829,0458829,2013-08-26T00:00:00.0000000,443853.000000,751-WP06,751-P06,751-P06-Original,SUNCOR 751P6 DOVER 15-7-93-12,SUNCOR P751P6 DOVER 15-7-93-12,125150709312W400,271.453827,444070.625000,6323313.000000,Mackay River,Pad 751,Pad 751 North
SUN-AB0458829-093-12-W4-00,125150709312W400,z-(base-of-continuous-res)-constrained-(unofficial),605.309998,2020-08-27T00:00:00.0000000,20xx-structure-release,Active,Cased,751 N,751 N,,167.587439,6322832.000000,,434.299988,438.900000,SAGD Producer,Y,,,AB0458829,0458829,2013-08-26T00:00:00.0000000,443853.000000,751-WP06,751-P06,751-P06-Original,SUNCOR 751P6 DOVER 15-7-93-12,SUNCOR P751P6 DOVER 15-7-93-12,125150709312W400,271.312561,444070.468750,6323319.500000,Mackay River,Pad 751,Pad 751 North
SUN-AB0458829-093-12-W4-00,125150709312W400,z-(base-of-continuous-res)-constrained-(unofficial),504.000000,2020-08-27T00:00:00.0000000,20xx-structure-release,Active,Cased,751 N,751 N,,167.416205,6322832.000000,,434.299988,438.900000,SAGD Producer,Y,,,AB0458829,0458829,2013-08-26T00:00:00.0000000,443853.000000,751-WP06,751-P06,751-P06-Original,SUNCOR 751P6 DOVER 15-7-93-12,SUNCOR P751P6 DOVER 15-7-93-12,125150709312W400,271.483795,444072.281250,6323218.500000,Mackay River,Pad 751,Pad 751 North
SUN-AB0458829-093-12-W4-00,125150709312W400,z-(base-of-continuous-res)-constrained-(unofficial),473.640015,2020-08-27T00:00:00.0000000,20xx-structure-release,Active,Cased,751 N,751 N,,167.674170,6322832.000000,,434.299988,438.900000,SAGD Producer,Y,,,AB0458829,0458829,2013-08-26T00:00:00.0000000,443853.000000,751-WP06,751-P06,751-P06-Original,SUNCOR 751P6 DOVER 15-7-93-12,SUNCOR P751P6 DOVER 15-7-93-12,125150709312W400,271.225830,444071.562500,6323188.000000,Mackay River,Pad 751,Pad 751 North
SUN-AB0458829-093-12-W4-00,125150709312W400,z-(base-of-continuous-res)-constrained-(unofficial),467.426666,2020-08-27T00:00:00.0000000,20xx-structure-release,Active,Cased,751 N,751 N,,167.719183,6322832.000000,,434.299988,438.900000,SAGD Producer,Y,,,AB0458829,0458829,2013-08-26T00:00:00.0000000,443853.000000,751-WP06,751-P06,751-P06-Original,SUNCOR 751P6 DOVER 15-7-93-12,SUNCOR P751P6 DOVER 15-7-93-12,125150709312W400,271.180817,444070.968750,6323182.000000,Mackay River,Pad 751,Pad 751 North
SUN-AB0458829-093-12-W4-00,125150709312W400,z-(base-of-continuous-res)-constrained-(unofficial),591.679993,2020-08-27T00:00:00.0000000,20xx-structure-release,Active,Cased,751 N,751 N,,167.349280,6322832.000000,,434.299988,438.900000,SAGD Producer,Y,,,AB0458829,0458829,2013-08-26T00:00:00.0000000,443853.000000,751-WP06,751-P06,751-P06-Original,SUNCOR 751P6 DOVER 15-7-93-12,SUNCOR P751P6 DOVER 15-7-93-12,125150709312W400,271.550720,444070.750000,6323306.000000,Mackay River,Pad 751,Pad 751 North
SUN-AB0458829-093-12-W4-00,125150709312W400,z-(base-of-continuous-res)-constrained-(unofficial),516.500000,2020-08-27T00:00:00.0000000,20xx-structure-release,Active,Cased,751 N,751 N,,167.371375,6322832.000000,,434.299988,438.900000,SAGD Producer,Y,,,AB0458829,0458829,2013-08-26T00:00:00.0000000,443853.000000,751-WP06,751-P06,751-P06-Original,SUNCOR 751P6 DOVER 15-7-93-12,SUNCOR P751P6 DOVER 15-7-93-12,125150709312W400,271.528625,444072.156250,6323231.000000,Mackay River,Pad 751,Pad 751 North
SUN-AB0458829-093-12-W4-00,125150709312W400,z-(base-of-continuous-res)-constrained-(unofficial),646.700012,2020-08-27T00:00:00.0000000,20xx-structure-release,Active,Cased,751 N,751 N,,167.771643,6322832.000000,,434.299988,438.900000,SAGD Producer,Y,,,AB0458829,0458829,2013-08-26T00:00:00.0000000,443853.000000,751-WP06,751-P06,751-P06-Original,SUNCOR 751P6 DOVER 15-7-93-12,SUNCOR P751P6 DOVER 15-7-93-12,125150709312W400,271.128357,444069.812500,6323361.000000,Mackay River,Pad 751,Pad 751 North
SUN-AB0458829-093-12-W4-00,125150709312W400,z-(base-of-continuous-res)-constrained-(unofficial),470.533325,2020-08-27T00:00:00.0000000,20xx-structure-release,Active,Cased,751 N,751 N,,167.707892,6322832.000000,,434.299988,438.900000,SAGD Producer,Y,,,AB0458829,0458829,2013-08-26T00:00:00.0000000,443853.000000,751-WP06,751-P06,751-P06-Original,SUNCOR 751P6 DOVER 15-7-93-12,SUNCOR P751P6 DOVER 15-7-93-12,125150709312W400,271.192108,444071.312500,6323185.000000,Mackay River,Pad 751,Pad 751 North
SUN-AB0458829-093-12-W4-00,125150709312W400,z-(base-of-continuous-res)-constrained-(unofficial),536.489990,2020-08-27T00:00:00.0000000,20xx-structure-release,Active,Cased,751 N,751 N,,167.226782,6322832.000000,,434.299988,438.900000,SAGD Producer,Y,,,AB0458829,0458829,2013-08-26T00:00:00.0000000,443853.000000,751-WP06,751-P06,751-P06-Original,SUNCOR 751P6 DOVER 15-7-93-12,SUNCOR P751P6 DOVER 15-7-93-12,125150709312W400,271.673218,444071.656250,6323251.000000,Mackay River,Pad 751,Pad 751 North
SUN-AB0458829-093-12-W4-00,125150709312W400,z-(base-of-continuous-res)-constrained-(unofficial),571.034973,2020-08-27T00:00:00.0000000,20xx-structure-release,Active,Cased,751 N,751 N,,167.087317,6322832.000000,,434.299988,438.900000,SAGD Producer,Y,,,AB0458829,0458829,2013-08-26T00:00:00.0000000,443853.000000,751-WP06,751-P06,751-P06-Original,SUNCOR 751P6 DOVER 15-7-93-12,SUNCOR P751P6 DOVER 15-7-93-12,125150709312W400,271.812683,444071.031250,6323285.500000,Mackay River,Pad 751,Pad 751 North
SUN-AB0458829-093-12-W4-00,125150709312W400,z-(base-of-continuous-res)-constrained-(unofficial),639.815002,2020-08-27T00:00:00.0000000,20xx-structure-release,Active,Cased,751 N,751 N,,167.820227,6322832.000000,,434.299988,438.900000,SAGD Producer,Y,,,AB0458829,0458829,2013-08-26T00:00:00.0000000,443853.000000,751-WP06,751-P06,751-P06-Original,SUNCOR 751P6 DOVER 15-7-93-12,SUNCOR P751P6 DOVER 15-7-93-12,125150709312W400,271.079773,444069.843750,6323354.000000,Mackay River,Pad 751,Pad 751 North
SUN-AB0458829-093-12-W4-00,125150709312W400,z-(base-of-continuous-res)-constrained-(unofficial),529.619995,2020-08-27T00:00:00.0000000,20xx-structure-release,Active,Cased,751 N,751 N,,167.281409,6322832.000000,,434.299988,438.900000,SAGD Producer,Y,,,AB0458829,0458829,2013-08-26T00:00:00.0000000,443853.000000,751-WP06,751-P06,751-P06-Original,SUNCOR 751P6 DOVER 15-7-93-12,SUNCOR P751P6 DOVER 15-7-93-12,125150709312W400,271.618591,444071.843750,6323244.000000,Mackay River,Pad 751,Pad 751 North
SUN-AB0458829-093-12-W4-00,125150709312W400,z-(base-of-continuous-res)-constrained-(unofficial),557.215027,2020-08-27T00:00:00.0000000,20xx-structure-release,Active,Cased,751 N,751 N,,167.112799,6322832.000000,,434.299988,438.900000,SAGD Producer,Y,,,AB0458829,0458829,2013-08-26T00:00:00.0000000,443853.000000,751-WP06,751-P06,751-P06-Original,SUNCOR 751P6 DOVER 15-7-93-12,SUNCOR P751P6 DOVER 15-7-93-12,125150709312W400,271.787201,444071.156250,6323271.500000,Mackay River,Pad 751,Pad 751 North
SUN-AB0458829-093-12-W4-00,125150709312W400,z-(base-of-continuous-res)-constrained-(unofficial),1046.435059,2020-08-27T00:00:00.0000000,20xx-structure-release,Active,Cased,751 N,751 N,,168.554327,6322832.000000,,434.299988,438.900000,SAGD Producer,Y,,,AB0458829,0458829,2013-08-26T00:00:00.0000000,443853.000000,751-WP06,751-P06,751-P06-Original,SUNCOR 751P6 DOVER 15-7-93-12,SUNCOR P751P6 DOVER 15-7-93-12,125150709312W400,270.345673,444071.093750,6323760.500000,Mackay River,Pad 751,Pad 751 North
SUN-AB0458829-093-12-W4-00,125150709312W400,z-(base-of-continuous-res)-constrained-(unofficial),950.604980,2020-08-27T00:00:00.0000000,20xx-structure-release,Active,Cased,751 N,751 N,,167.337653,6322832.000000,,434.299988,438.900000,SAGD Producer,Y,,,AB0458829,0458829,2013-08-26T00:00:00.0000000,443853.000000,751-WP06,751-P06,751-P06-Original,SUNCOR 751P6 DOVER 15-7-93-12,SUNCOR P751P6 DOVER 15-7-93-12,125150709312W400,271.562347,444070.875000,6323665.000000,Mackay River,Pad 751,Pad 751 North
SUN-AB0458829-093-12-W4-00,125150709312W400,z-(base-of-continuous-res)-constrained-(unofficial),979.315002,2020-08-27T00:00:00.0000000,20xx-structure-release,Active,Cased,751 N,751 N,,167.761694,6322832.000000,,434.299988,438.900000,SAGD Producer,Y,,,AB0458829,0458829,2013-08-26T00:00:00.0000000,443853.000000,751-WP06,751-P06,751-P06-Original,SUNCOR 751P6 DOVER 15-7-93-12,SUNCOR P751P6 DOVER 15-7-93-12,125150709312W400,271.138306,444070.968750,6323693.500000,Mackay River,Pad 751,Pad 751 North
SUN-AB0458829-093-12-W4-00,125150709312W400,z-(base-of-continuous-res)-constrained-(unofficial),1017.705017,2020-08-27T00:00:00.0000000,20xx-structure-release,Active,Cased,751 N,751 N,,168.347296,6322832.000000,,434.299988,438.900000,SAGD Producer,Y,,,AB0458829,0458829,2013-08-26T00:00:00.0000000,443853.000000,751-WP06,751-P06,751-P06-Original,SUNCOR 751P6 DOVER 15-7-93-12,SUNCOR P751P6 DOVER 15-7-93-12,125150709312W400,270.552704,444071.156250,6323732.000000,Mackay River,Pad 751,Pad 751 North
SUN-AB0458829-093-12-W4-00,125150709312W400,z-(base-of-continuous-res)-constrained-(unofficial),998.534973,2020-08-27T00:00:00.0000000,20xx-structure-release,Active,Cased,751 N,751 N,,168.043372,6322832.000000,,434.299988,438.900000,SAGD Producer,Y,,,AB0458829,0458829,2013-08-26T00:00:00.0000000,443853.000000,751-WP06,751-P06,751-P06-Original,SUNCOR 751P6 DOVER 15-7-93-12,SUNCOR P751P6 DOVER 15-7-93-12,125150709312W400,270.856628,444071.031250,6323713.000000,Mackay River,Pad 751,Pad 751 North
SUN-AB0458829-093-12-W4-00,125150709312W400,z-(base-of-continuous-res)-constrained-(unofficial),1032.079956,2020-08-27T00:00:00.0000000,20xx-structure-release,Active,Cased,751 N,751 N,,168.461890,6322832.000000,,434.299988,438.900000,SAGD Producer,Y,,,AB0458829,0458829,2013-08-26T00:00:00.0000000,443853.000000,751-WP06,751-P06,751-P06-Original,SUNCOR 751P6 DOVER 15-7-93-12,SUNCOR P751P6 DOVER 15-7-93-12,125150709312W400,270.438110,444071.156250,6323746.500000,Mackay River,Pad 751,Pad 751 North
SUN-AB0458829-093-12-W4-00,125150709312W400,z-(base-of-continuous-res)-constrained-(unofficial),988.924988,2020-08-27T00:00:00.0000000,20xx-structure-release,Active,Cased,751 N,751 N,,167.897986,6322832.000000,,434.299988,438.900000,SAGD Producer,Y,,,AB0458829,0458829,2013-08-26T00:00:00.0000000,443853.000000,751-WP06,751-P06,751-P06-Original,SUNCOR 751P6 DOVER 15-7-93-12,SUNCOR P751P6 DOVER 15-7-93-12,125150709312W400,271.002014,444070.968750,6323703.000000,Mackay River,Pad 751,Pad 751 North
SUN-AB0458829-093-12-W4-00,125150709312W400,z-(base-of-continuous-res)-constrained-(unofficial),1060.699951,2020-08-27T00:00:00.0000000,20xx-structure-release,Active,Cased,751 N,751 N,,168.600653,6322832.000000,,434.299988,438.900000,SAGD Producer,Y,,,AB0458829,0458829,2013-08-26T00:00:00.0000000,443853.000000,751-WP06,751-P06,751-P06-Original,SUNCOR 751P6 DOVER 15-7-93-12,SUNCOR P751P6 DOVER 15-7-93-12,125150709312W400,270.299347,444071.000000,6323775.000000,Mackay River,Pad 751,Pad 751 North
SUN-AB0458829-093-12-W4-00,125150709312W400,z-(base-of-continuous-res)-constrained-(unofficial),974.510010,2020-08-27T00:00:00.0000000,20xx-structure-release,Active,Cased,751 N,751 N,,167.693671,6322832.000000,,434.299988,438.900000,SAGD Producer,Y,,,AB0458829,0458829,2013-08-26T00:00:00.0000000,443853.000000,751-WP06,751-P06,751-P06-Original,SUNCOR 751P6 DOVER 15-7-93-12,SUNCOR P751P6 DOVER 15-7-93-12,125150709312W400,271.206329,444070.937500,6323688.500000,Mackay River,Pad 751,Pad 751 North
SUN-AB0458829-093-12-W4-00,125150709312W400,z-(base-of-continuous-res)-constrained-(unofficial),1075.079956,2020-08-27T00:00:00.0000000,20xx-structure-release,Active,Cased,751 N,751 N,,168.616400,6322832.000000,,434.299988,438.900000,SAGD Producer,Y,,,AB0458829,0458829,2013-08-26T00:00:00.0000000,443853.000000,751-WP06,751-P06,751-P06-Original,SUNCOR 751P6 DOVER 15-7-93-12,SUNCOR P751P6 DOVER 15-7-93-12,125150709312W400,270.283600,444070.843750,6323789.500000,Mackay River,Pad 751,Pad 751 North
SUN-AB0458829-093-12-W4-00,125150709312W400,z-(base-of-continuous-res)-constrained-(unofficial),964.909973,2020-08-27T00:00:00.0000000,20xx-structure-release,Active,Cased,751 N,751 N,,167.553198,6322832.000000,,434.299988,438.900000,SAGD Producer,Y,,,AB0458829,0458829,2013-08-26T00:00:00.0000000,443853.000000,751-WP06,751-P06,751-P06-Original,SUNCOR 751P6 DOVER 15-7-93-12,SUNCOR P751P6 DOVER 15-7-93-12,125150709312W400,271.346802,444070.906250,6323679.000000,Mackay River,Pad 751,Pad 751 North
SUN-AB0458829-093-12-W4-00,125150709312W400,z-(base-of-continuous-res)-constrained-(unofficial),993.729980,2020-08-27T00:00:00.0000000,20xx-structure-release,Active,Cased,751 N,751 N,,167.967200,6322832.000000,,434.299988,438.900000,SAGD Producer,Y,,,AB0458829,0458829,2013-08-26T00:00:00.0000000,443853.000000,751-WP06,751-P06,751-P06-Original,SUNCOR 751P6 DOVER 15-7-93-12,SUNCOR P751P6 DOVER 15-7-93-12,125150709312W400,270.932800,444071.000000,6323708.000000,Mackay River,Pad 751,Pad 751 North
SUN-AB0458829-093-12-W4-00,125150709312W400,z-(base-of-continuous-res)-constrained-(unofficial),1008.145020,2020-08-27T00:00:00.0000000,20xx-structure-release,Active,Cased,751 N,751 N,,168.195685,6322832.000000,,434.299988,438.900000,SAGD Producer,Y,,,AB0458829,0458829,2013-08-26T00:00:00.0000000,443853.000000,751-WP06,751-P06,751-P06-Original,SUNCOR 751P6 DOVER 15-7-93-12,SUNCOR P751P6 DOVER 15-7-93-12,125150709312W400,270.704315,444071.093750,6323722.500000,Mackay River,Pad 751,Pad 751 North
SUN-AB0458829-093-12-W4-00,125150709312W400,z-(base-of-continuous-res)-constrained-(unofficial),1012.950012,2020-08-27T00:00:00.0000000,20xx-structure-release,Active,Cased,751 N,751 N,,168.271826,6322832.000000,,434.299988,438.900000,SAGD Producer,Y,,,AB0458829,0458829,2013-08-26T00:00:00.0000000,443853.000000,751-WP06,751-P06,751-P06-Original,SUNCOR 751P6 DOVER 15-7-93-12,SUNCOR P751P6 DOVER 15-7-93-12,125150709312W400,270.628174,444071.156250,6323727.000000,Mackay River,Pad 751,Pad 751 North
SUN-AB0458829-093-12-W4-00,125150709312W400,z-(base-of-continuous-res)-constrained-(unofficial),922.400024,2020-08-27T00:00:00.0000000,20xx-structure-release,Active,Cased,751 N,751 N,,167.033392,6322832.000000,,434.299988,438.900000,SAGD Producer,Y,,,AB0458829,0458829,2013-08-26T00:00:00.0000000,443853.000000,751-WP06,751-P06,751-P06-Original,SUNCOR 751P6 DOVER 15-7-93-12,SUNCOR P751P6 DOVER 15-7-93-12,125150709312W400,271.866608,444070.781250,6323636.500000,Mackay River,Pad 751,Pad 751 North
SUN-AB0458829-093-12-W4-00,125150709312W400,z-(base-of-continuous-res)-constrained-(unofficial),955.409973,2020-08-27T00:00:00.0000000,20xx-structure-release,Active,Cased,751 N,751 N,,167.410040,6322832.000000,,434.299988,438.900000,SAGD Producer,Y,,,AB0458829,0458829,2013-08-26T00:00:00.0000000,443853.000000,751-WP06,751-P06,751-P06-Original,SUNCOR 751P6 DOVER 15-7-93-12,SUNCOR P751P6 DOVER 15-7-93-12,125150709312W400,271.489960,444070.875000,6323669.500000,Mackay River,Pad 751,Pad 751 North
SUN-AB0458829-093-12-W4-00,125150709312W400,z-(base-of-continuous-res)-constrained-(unofficial),960.159973,2020-08-27T00:00:00.0000000,20xx-structure-release,Active,Cased,751 N,751 N,,167.481604,6322832.000000,,434.299988,438.900000,SAGD Producer,Y,,,AB0458829,0458829,2013-08-26T00:00:00.0000000,443853.000000,751-WP06,751-P06,751-P06-Original,SUNCOR 751P6 DOVER 15-7-93-12,SUNCOR P751P6 DOVER 15-7-93-12,125150709312W400,271.418396,444070.906250,6323674.500000,Mackay River,Pad 751,Pad 751 North
SUN-AB0458829-093-12-W4-00,125150709312W400,z-(base-of-continuous-res)-constrained-(unofficial),941.010010,2020-08-27T00:00:00.0000000,20xx-structure-release,Active,Cased,751 N,751 N,,167.204199,6322832.000000,,434.299988,438.900000,SAGD Producer,Y,,,AB0458829,0458829,2013-08-26T00:00:00.0000000,443853.000000,751-WP06,751-P06,751-P06-Original,SUNCOR 751P6 DOVER 15-7-93-12,SUNCOR P751P6 DOVER 15-7-93-12,125150709312W400,271.695801,444070.843750,6323655.500000,Mackay River,Pad 751,Pad 751 North
SUN-AB0458829-093-12-W4-00,125150709312W400,z-(base-of-continuous-res)-constrained-(unofficial),1319.415039,2020-08-27T00:00:00.0000000,20xx-structure-release,Active,Cased,751 N,751 N,,166.678229,6322832.000000,,434.299988,438.900000,SAGD Producer,Y,,,AB0458829,0458829,2013-08-26T00:00:00.0000000,443853.000000,751-WP06,751-P06,751-P06-Original,SUNCOR 751P6 DOVER 15-7-93-12,SUNCOR P751P6 DOVER 15-7-93-12,125150709312W400,272.221771,444070.687500,6324033.500000,Mackay River,Pad 751,Pad 751 North
SUN-AB0458829-093-12-W4-00,125150709312W400,z-(base-of-continuous-res)-constrained-(unofficial),1267.319946,2020-08-27T00:00:00.0000000,20xx-structure-release,Active,Cased,751 N,751 N,,166.991309,6322832.000000,,434.299988,438.900000,SAGD Producer,Y,,,AB0458829,0458829,2013-08-26T00:00:00.0000000,443853.000000,751-WP06,751-P06,751-P06-Original,SUNCOR 751P6 DOVER 15-7-93-12,SUNCOR P751P6 DOVER 15-7-93-12,125150709312W400,271.908691,444070.687500,6323981.500000,Mackay River,Pad 751,Pad 751 North
SUN-AB0458829-093-12-W4-00,125150709312W400,z-(base-of-continuous-res)-constrained-(unofficial),1392.165039,2020-08-27T00:00:00.0000000,20xx-structure-release,Active,Cased,751 N,751 N,,166.479590,6322832.000000,,434.299988,438.900000,SAGD Producer,Y,,,AB0458829,0458829,2013-08-26T00:00:00.0000000,443853.000000,751-WP06,751-P06,751-P06-Original,SUNCOR 751P6 DOVER 15-7-93-12,SUNCOR P751P6 DOVER 15-7-93-12,125150709312W400,272.420410,444071.000000,6324106.000000,Mackay River,Pad 751,Pad 751 North
SUN-AB0458829-093-12-W4-00,125150709312W400,z-(base-of-continuous-res)-constrained-(unofficial),1295.810059,2020-08-27T00:00:00.0000000,20xx-structure-release,Active,Cased,751 N,751 N,,166.834326,6322832.000000,,434.299988,438.900000,SAGD Producer,Y,,,AB0458829,0458829,2013-08-26T00:00:00.0000000,443853.000000,751-WP06,751-P06,751-P06-Original,SUNCOR 751P6 DOVER 15-7-93-12,SUNCOR P751P6 DOVER 15-7-93-12,125150709312W400,272.065674,444070.875000,6324010.000000,Mackay River,Pad 751,Pad 751 North
SUN-AB0458829-093-12-W4-00,125150709312W400,z-(base-of-continuous-res)-constrained-(unofficial),1395.000000,2020-08-27T00:00:00.0000000,20xx-structure-release,Active,Cased,751 N,751 N,,166.433386,6322832.000000,,434.299988,438.900000,SAGD Producer,Y,,,AB0458829,0458829,2013-08-26T00:00:00.0000000,443853.000000,751-WP06,751-P06,751-P06-Original,SUNCOR 751P6 DOVER 15-7-93-12,SUNCOR P751P6 DOVER 15-7-93-12,125150709312W400,272.466614,444071.000000,6324109.000000,Mackay River,Pad 751,Pad 751 North
SUN-AB0458829-093-12-W4-00,125150709312W400,z-(base-of-continuous-res)-constrained-(unofficial),1357.145020,2020-08-27T00:00:00.0000000,20xx-structure-release,Active,Cased,751 N,751 N,,166.620032,6322832.000000,,434.299988,438.900000,SAGD Producer,Y,,,AB0458829,0458829,2013-08-26T00:00:00.0000000,443853.000000,751-WP06,751-P06,751-P06-Original,SUNCOR 751P6 DOVER 15-7-93-12,SUNCOR P751P6 DOVER 15-7-93-12,125150709312W400,272.279968,444071.000000,6324071.000000,Mackay River,Pad 751,Pad 751 North
SUN-AB0458829-093-12-W4-00,125150709312W400,z-(base-of-continuous-res)-constrained-(unofficial),1370.750000,2020-08-27T00:00:00.0000000,20xx-structure-release,Active,Cased,751 N,751 N,,166.741827,6322832.000000,,434.299988,438.900000,SAGD Producer,Y,,,AB0458829,0458829,2013-08-26T00:00:00.0000000,443853.000000,751-WP06,751-P06,751-P06-Original,SUNCOR 751P6 DOVER 15-7-93-12,SUNCOR P751P6 DOVER 15-7-93-12,125150709312W400,272.158173,444071.093750,6324085.000000,Mackay River,Pad 751,Pad 751 North
SUN-AB0458829-093-12-W4-00,125150709312W400,z-(base-of-continuous-res)-constrained-(unofficial),1276.670044,2020-08-27T00:00:00.0000000,20xx-structure-release,Active,Cased,751 N,751 N,,166.928687,6322832.000000,,434.299988,438.900000,SAGD Producer,Y,,,AB0458829,0458829,2013-08-26T00:00:00.0000000,443853.000000,751-WP06,751-P06,751-P06-Original,SUNCOR 751P6 DOVER 15-7-93-12,SUNCOR P751P6 DOVER 15-7-93-12,125150709312W400,271.971313,444070.812500,6323991.000000,Mackay River,Pad 751,Pad 751 North
SUN-AB0458829-093-12-W4-00,125150709312W400,z-(base-of-continuous-res)-constrained-(unofficial),1328.805054,2020-08-27T00:00:00.0000000,20xx-structure-release,Active,Cased,751 N,751 N,,166.626105,6322832.000000,,434.299988,438.900000,SAGD Producer,Y,,,AB0458829,0458829,2013-08-26T00:00:00.0000000,443853.000000,751-WP06,751-P06,751-P06-Original,SUNCOR 751P6 DOVER 15-7-93-12,SUNCOR P751P6 DOVER 15-7-93-12,125150709312W400,272.273895,444070.718750,6324043.000000,Mackay River,Pad 751,Pad 751 North
SUN-AB0458829-093-12-W4-00,125150709312W400,z-(base-of-continuous-res)-constrained-(unofficial),1309.844971,2020-08-27T00:00:00.0000000,20xx-structure-release,Active,Cased,751 N,751 N,,166.743170,6322832.000000,,434.299988,438.900000,SAGD Producer,Y,,,AB0458829,0458829,2013-08-26T00:00:00.0000000,443853.000000,751-WP06,751-P06,751-P06-Original,SUNCOR 751P6 DOVER 15-7-93-12,SUNCOR P751P6 DOVER 15-7-93-12,125150709312W400,272.156830,444070.750000,6324024.000000,Mackay River,Pad 751,Pad 751 North
SUN-AB0458829-093-12-W4-00,125150709312W400,z-(base-of-continuous-res)-constrained-(unofficial),1379.719971,2020-08-27T00:00:00.0000000,20xx-structure-release,Active,Cased,751 N,751 N,,166.631659,6322832.000000,,434.299988,438.900000,SAGD Producer,Y,,,AB0458829,0458829,2013-08-26T00:00:00.0000000,443853.000000,751-WP06,751-P06,751-P06-Original,SUNCOR 751P6 DOVER 15-7-93-12,SUNCOR P751P6 DOVER 15-7-93-12,125150709312W400,272.268341,444071.093750,6324094.000000,Mackay River,Pad 751,Pad 751 North
SUN-AB0458829-093-12-W4-00,125150709312W400,z-(base-of-continuous-res)-constrained-(unofficial),1352.489990,2020-08-27T00:00:00.0000000,20xx-structure-release,Active,Cased,751 N,751 N,,166.574377,6322832.000000,,434.299988,438.900000,SAGD Producer,Y,,,AB0458829,0458829,2013-08-26T00:00:00.0000000,443853.000000,751-WP06,751-P06,751-P06-Original,SUNCOR 751P6 DOVER 15-7-93-12,SUNCOR P751P6 DOVER 15-7-93-12,125150709312W400,272.325623,444070.937500,6324066.500000,Mackay River,Pad 751,Pad 751 North
SUN-AB0458829-093-12-W4-00,125150709312W400,z-(base-of-continuous-res)-constrained-(unofficial),1375.234985,2020-08-27T00:00:00.0000000,20xx-structure-release,Active,Cased,751 N,751 N,,166.686621,6322832.000000,,434.299988,438.900000,SAGD Producer,Y,,,AB0458829,0458829,2013-08-26T00:00:00.0000000,443853.000000,751-WP06,751-P06,751-P06-Original,SUNCOR 751P6 DOVER 15-7-93-12,SUNCOR P751P6 DOVER 15-7-93-12,125150709312W400,272.213379,444071.125000,6324089.500000,Mackay River,Pad 751,Pad 751 North
SUN-AB0458829-093-12-W4-00,125150709312W400,z-(base-of-continuous-res)-constrained-(unofficial),1281.425049,2020-08-27T00:00:00.0000000,20xx-structure-release,Active,Cased,751 N,751 N,,166.904456,6322832.000000,,434.299988,438.900000,SAGD Producer,Y,,,AB0458829,0458829,2013-08-26T00:00:00.0000000,443853.000000,751-WP06,751-P06,751-P06-Original,SUNCOR 751P6 DOVER 15-7-93-12,SUNCOR P751P6 DOVER 15-7-93-12,125150709312W400,271.995544,444070.843750,6323995.500000,Mackay River,Pad 751,Pad 751 North
SUN-AB0458829-093-12-W4-00,125150709312W400,z-(base-of-continuous-res)-constrained-(unofficial),1305.030029,2020-08-27T00:00:00.0000000,20xx-structure-release,Active,Cased,751 N,751 N,,166.775549,6322832.000000,,434.299988,438.900000,SAGD Producer,Y,,,AB0458829,0458829,2013-08-26T00:00:00.0000000,443853.000000,751-WP06,751-P06,751-P06-Original,SUNCOR 751P6 DOVER 15-7-93-12,SUNCOR P751P6 DOVER 15-7-93-12,125150709312W400,272.124451,444070.781250,6324019.000000,Mackay River,Pad 751,Pad 751 North
SUN-AB0458829-093-12-W4-00,125150709312W400,z-(base-of-continuous-res)-constrained-(unofficial),1366.275024,2020-08-27T00:00:00.0000000,20xx-structure-release,Active,Cased,751 N,751 N,,166.709906,6322832.000000,,434.299988,438.900000,SAGD Producer,Y,,,AB0458829,0458829,2013-08-26T00:00:00.0000000,443853.000000,751-WP06,751-P06,751-P06-Original,SUNCOR 751P6 DOVER 15-7-93-12,SUNCOR P751P6 DOVER 15-7-93-12,125150709312W400,272.190094,444071.093750,6324080.500000,Mackay River,Pad 751,Pad 751 North
SUN-AB0458829-093-12-W4-00,125150709312W400,z-(base-of-continuous-res)-constrained-(unofficial),5.940000,2020-08-27T00:00:00.0000000,20xx-structure-release,Active,Cased,751 N,751 N,,167.454840,6322832.000000,,434.299988,438.900000,SAGD Producer,Y,,,AB0458829,0458829,2013-08-26T00:00:00.0000000,443853.000000,751-WP06,751-P06,751-P06-Original,SUNCOR 751P6 DOVER 15-7-93-12,SUNCOR P751P6 DOVER 15-7-93-12,125150709312W400,271.445160,443855.812500,6322835.000000,Mackay River,Pad 751,Pad 751 North
SUN-AB0458829-093-12-W4-00,125150709312W400,z-(base-of-continuous-res)-constrained-(unofficial),100.709999,2020-08-27T00:00:00.0000000,20xx-structure-release,Active,Cased,751 N,751 N,,167.411566,6322832.000000,,434.299988,438.900000,SAGD Producer,Y,,,AB0458829,0458829,2013-08-26T00:00:00.0000000,443853.000000,751-WP06,751-P06,751-P06-Original,SUNCOR 751P6 DOVER 15-7-93-12,SUNCOR P751P6 DOVER 15-7-93-12,125150709312W400,271.488434,443901.406250,6322886.500000,Mackay River,Pad 751,Pad 751 North
SUN-AB0458829-093-12-W4-00,125150709312W400,z-(base-of-continuous-res)-constrained-(unofficial),77.315002,2020-08-27T00:00:00.0000000,20xx-structure-release,Active,Cased,751 N,751 N,,167.409277,6322832.000000,,434.299988,438.900000,SAGD Producer,Y,,,AB0458829,0458829,2013-08-26T00:00:00.0000000,443853.000000,751-WP06,751-P06,751-P06-Original,SUNCOR 751P6 DOVER 15-7-93-12,SUNCOR P751P6 DOVER 15-7-93-12,125150709312W400,271.490723,443889.812500,6322873.000000,Mackay River,Pad 751,Pad 751 North
SUN-AB0458829-093-12-W4-00,125150709312W400,z-(base-of-continuous-res)-constrained-(unofficial),68.320000,2020-08-27T00:00:00.0000000,20xx-structure-release,Active,Cased,751 N,751 N,,167.414893,6322832.000000,,434.299988,438.900000,SAGD Producer,Y,,,AB0458829,0458829,2013-08-26T00:00:00.0000000,443853.000000,751-WP06,751-P06,751-P06-Original,SUNCOR 751P6 DOVER 15-7-93-12,SUNCOR P751P6 DOVER 15-7-93-12,125150709312W400,271.485107,443885.500000,6322868.500000,Mackay River,Pad 751,Pad 751 North
SUN-AB0458829-093-12-W4-00,125150709312W400,z-(base-of-continuous-res)-constrained-(unofficial),163.000000,2020-08-27T00:00:00.0000000,20xx-structure-release,Active,Cased,751 N,751 N,,167.509100,6322832.000000,,434.299988,438.900000,SAGD Producer,Y,,,AB0458829,0458829,2013-08-26T00:00:00.0000000,443853.000000,751-WP06,751-P06,751-P06-Original,SUNCOR 751P6 DOVER 15-7-93-12,SUNCOR P751P6 DOVER 15-7-93-12,125150709312W400,271.390900,443934.718750,6322924.000000,Mackay River,Pad 751,Pad 751 North
SUN-AB0458829-093-12-W4-00,125150709312W400,z-(base-of-continuous-res)-constrained-(unofficial),81.830002,2020-08-27T00:00:00.0000000,20xx-structure-release,Active,Cased,751 N,751 N,,167.406622,6322832.000000,,434.299988,438.900000,SAGD Producer,Y,,,AB0458829,0458829,2013-08-26T00:00:00.0000000,443853.000000,751-WP06,751-P06,751-P06-Original,SUNCOR 751P6 DOVER 15-7-93-12,SUNCOR P751P6 DOVER 15-7-93-12,125150709312W400,271.493378,443892.000000,6322875.500000,Mackay River,Pad 751,Pad 751 North
SUN-AB0458829-093-12-W4-00,125150709312W400,z-(base-of-continuous-res)-constrained-(unofficial),129.580002,2020-08-27T00:00:00.0000000,20xx-structure-release,Active,Cased,751 N,751 N,,167.459601,6322832.000000,,434.299988,438.900000,SAGD Producer,Y,,,AB0458829,0458829,2013-08-26T00:00:00.0000000,443853.000000,751-WP06,751-P06,751-P06-Original,SUNCOR 751P6 DOVER 15-7-93-12,SUNCOR P751P6 DOVER 15-7-93-12,125150709312W400,271.440399,443916.406250,6322903.500000,Mackay River,Pad 751,Pad 751 North
SUN-AB0458829-093-12-W4-00,125150709312W400,z-(base-of-continuous-res)-constrained-(unofficial),141.024994,2020-08-27T00:00:00.0000000,20xx-structure-release,Active,Cased,751 N,751 N,,167.476630,6322832.000000,,434.299988,438.900000,SAGD Producer,Y,,,AB0458829,0458829,2013-08-26T00:00:00.0000000,443853.000000,751-WP06,751-P06,751-P06-Original,SUNCOR 751P6 DOVER 15-7-93-12,SUNCOR P751P6 DOVER 15-7-93-12,125150709312W400,271.423370,443922.687500,6322910.500000,Mackay River,Pad 751,Pad 751 North
SUN-AB0458829-093-12-W4-00,125150709312W400,z-(base-of-continuous-res)-constrained-(unofficial),110.339996,2020-08-27T00:00:00.0000000,20xx-structure-release,Active,Cased,751 N,751 N,,167.429022,6322832.000000,,434.299988,438.900000,SAGD Producer,Y,,,AB0458829,0458829,2013-08-26T00:00:00.0000000,443853.000000,751-WP06,751-P06,751-P06-Original,SUNCOR 751P6 DOVER 15-7-93-12,SUNCOR P751P6 DOVER 15-7-93-12,125150709312W400,271.470978,443906.281250,6322892.000000,Mackay River,Pad 751,Pad 751 North
SUN-AB0458829-093-12-W4-00,125150709312W400,z-(base-of-continuous-res)-constrained-(unofficial),139.050003,2020-08-27T00:00:00.0000000,20xx-structure-release,Active,Cased,751 N,751 N,,167.473669,6322832.000000,,434.299988,438.900000,SAGD Producer,Y,,,AB0458829,0458829,2013-08-26T00:00:00.0000000,443853.000000,751-WP06,751-P06,751-P06-Original,SUNCOR 751P6 DOVER 15-7-93-12,SUNCOR P751P6 DOVER 15-7-93-12,125150709312W400,271.426331,443921.593750,6322909.000000,Mackay River,Pad 751,Pad 751 North
SUN-AB0458829-093-12-W4-00,125150709312W400,z-(base-of-continuous-res)-constrained-(unofficial),54.389999,2020-08-27T00:00:00.0000000,20xx-structure-release,Active,Cased,751 N,751 N,,167.424323,6322832.000000,,434.299988,438.900000,SAGD Producer,Y,,,AB0458829,0458829,2013-08-26T00:00:00.0000000,443853.000000,751-WP06,751-P06,751-P06-Original,SUNCOR 751P6 DOVER 15-7-93-12,SUNCOR P751P6 DOVER 15-7-93-12,125150709312W400,271.475677,443878.875000,6322861.000000,Mackay River,Pad 751,Pad 751 North
SUN-AB0458829-093-12-W4-00,125150709312W400,z-(base-of-continuous-res)-constrained-(unofficial),143.000000,2020-08-27T00:00:00.0000000,20xx-structure-release,Active,Cased,751 N,751 N,,167.479559,6322832.000000,,434.299988,438.900000,SAGD Producer,Y,,,AB0458829,0458829,2013-08-26T00:00:00.0000000,443853.000000,751-WP06,751-P06,751-P06-Original,SUNCOR 751P6 DOVER 15-7-93-12,SUNCOR P751P6 DOVER 15-7-93-12,125150709312W400,271.420441,443923.750000,6322911.500000,Mackay River,Pad 751,Pad 751 North
SUN-AB0458829-093-12-W4-00,125150709312W400,z-(base-of-continuous-res)-constrained-(unofficial),72.800003,2020-08-27T00:00:00.0000000,20xx-structure-release,Active,Cased,751 N,751 N,,167.412024,6322832.000000,,434.299988,438.900000,SAGD Producer,Y,,,AB0458829,0458829,2013-08-26T00:00:00.0000000,443853.000000,751-WP06,751-P06,751-P06-Original,SUNCOR 751P6 DOVER 15-7-93-12,SUNCOR P751P6 DOVER 15-7-93-12,125150709312W400,271.487976,443887.656250,6322871.000000,Mackay River,Pad 751,Pad 751 North
SUN-AB0458829-093-12-W4-00,125150709312W400,z-(base-of-continuous-res)-constrained-(unofficial),59.115002,2020-08-27T00:00:00.0000000,20xx-structure-release,Active,Cased,751 N,751 N,,167.421179,6322832.000000,,434.299988,438.900000,SAGD Producer,Y,,,AB0458829,0458829,2013-08-26T00:00:00.0000000,443853.000000,751-WP06,751-P06,751-P06-Original,SUNCOR 751P6 DOVER 15-7-93-12,SUNCOR P751P6 DOVER 15-7-93-12,125150709312W400,271.478821,443881.125000,6322863.500000,Mackay River,Pad 751,Pad 751 North
SUN-AB0458829-093-12-W4-00,125150709312W400,z-(base-of-continuous-res)-constrained-(unofficial),63.840000,2020-08-27T00:00:00.0000000,20xx-structure-release,Active,Cased,751 N,751 N,,167.417944,6322832.000000,,434.299988,438.900000,SAGD Producer,Y,,,AB0458829,0458829,2013-08-26T00:00:00.0000000,443853.000000,751-WP06,751-P06,751-P06-Original,SUNCOR 751P6 DOVER 15-7-93-12,SUNCOR P751P6 DOVER 15-7-93-12,125150709312W400,271.482056,443883.375000,6322866.000000,Mackay River,Pad 751,Pad 751 North
SUN-AB0458829-093-12-W4-00,125150709312W400,z-(base-of-continuous-res)-constrained-(unofficial),16.025000,2020-08-27T00:00:00.0000000,20xx-structure-release,Active,Cased,751 N,751 N,,167.448462,6322832.000000,,434.299988,438.900000,SAGD Producer,Y,,,AB0458829,0458829,2013-08-26T00:00:00.0000000,443853.000000,751-WP06,751-P06,751-P06-Original,SUNCOR 751P6 DOVER 15-7-93-12,SUNCOR P751P6 DOVER 15-7-93-12,125150709312W400,271.451538,443860.562500,6322840.500000,Mackay River,Pad 751,Pad 751 North
SUN-AB0458829-093-12-W4-00,125150709312W400,z-(base-of-continuous-res)-constrained-(unofficial),30.674999,2020-08-27T00:00:00.0000000,20xx-structure-release,Active,Cased,751 N,751 N,,167.439215,6322832.000000,,434.299988,438.900000,SAGD Producer,Y,,,AB0458829,0458829,2013-08-26T00:00:00.0000000,443853.000000,751-WP06,751-P06,751-P06-Original,SUNCOR 751P6 DOVER 15-7-93-12,SUNCOR P751P6 DOVER 15-7-93-12,125150709312W400,271.460785,443867.562500,6322848.500000,Mackay River,Pad 751,Pad 751 North
SUN-AB0458829-093-12-W4-00,125150709312W400,z-(base-of-continuous-res)-constrained-(unofficial),156.333328,2020-08-27T00:00:00.0000000,20xx-structure-release,Active,Cased,751 N,751 N,,167.499274,6322832.000000,,434.299988,438.900000,SAGD Producer,Y,,,AB0458829,0458829,2013-08-26T00:00:00.0000000,443853.000000,751-WP06,751-P06,751-P06-Original,SUNCOR 751P6 DOVER 15-7-93-12,SUNCOR P751P6 DOVER 15-7-93-12,125150709312W400,271.400726,443931.062500,6322919.500000,Mackay River,Pad 751,Pad 751 North
SUN-AB0458829-093-12-W4-00,125150709312W400,z-(base-of-continuous-res)-constrained-(unofficial),380.309998,2020-08-27T00:00:00.0000000,20xx-structure-release,Active,Cased,751 N,751 N,,167.295447,6322832.000000,,434.299988,438.900000,SAGD Producer,Y,,,AB0458829,0458829,2013-08-26T00:00:00.0000000,443853.000000,751-WP06,751-P06,751-P06-Original,SUNCOR 751P6 DOVER 15-7-93-12,SUNCOR P751P6 DOVER 15-7-93-12,125150709312W400,271.604553,444046.281250,6323099.500000,Mackay River,Pad 751,Pad 751 North
SUN-AB0458829-093-12-W4-00,125150709312W400,z-(base-of-continuous-res)-constrained-(unofficial),348.114990,2020-08-27T00:00:00.0000000,20xx-structure-release,Active,Cased,751 N,751 N,,167.754645,6322832.000000,,434.299988,438.900000,SAGD Producer,Y,,,AB0458829,0458829,2013-08-26T00:00:00.0000000,443853.000000,751-WP06,751-P06,751-P06-Original,SUNCOR 751P6 DOVER 15-7-93-12,SUNCOR P751P6 DOVER 15-7-93-12,125150709312W400,271.145355,444030.156250,6323071.500000,Mackay River,Pad 751,Pad 751 North
SUN-AB0458829-093-12-W4-00,125150709312W400,z-(base-of-continuous-res)-constrained-(unofficial),331.320007,2020-08-27T00:00:00.0000000,20xx-structure-release,Active,Cased,751 N,751 N,,168.105627,6322832.000000,,434.299988,438.900000,SAGD Producer,Y,,,AB0458829,0458829,2013-08-26T00:00:00.0000000,443853.000000,751-WP06,751-P06,751-P06-Original,SUNCOR 751P6 DOVER 15-7-93-12,SUNCOR P751P6 DOVER 15-7-93-12,125150709312W400,270.794373,444021.468750,6323057.500000,Mackay River,Pad 751,Pad 751 North
SUN-AB0458829-093-12-W4-00,125150709312W400,z-(base-of-continuous-res)-constrained-(unofficial),451.893341,2020-08-27T00:00:00.0000000,20xx-structure-release,Active,Cased,751 N,751 N,,167.742987,6322832.000000,,434.299988,438.900000,SAGD Producer,Y,,,AB0458829,0458829,2013-08-26T00:00:00.0000000,443853.000000,751-WP06,751-P06,751-P06-Original,SUNCOR 751P6 DOVER 15-7-93-12,SUNCOR P751P6 DOVER 15-7-93-12,125150709312W400,271.157013,444068.656250,6323166.500000,Mackay River,Pad 751,Pad 751 North
SUN-AB0458829-093-12-W4-00,125150709312W400,z-(base-of-continuous-res)-constrained-(unofficial),334.459991,2020-08-27T00:00:00.0000000,20xx-structure-release,Active,Cased,751 N,751 N,,168.096564,6322832.000000,,434.299988,438.900000,SAGD Producer,Y,,,AB0458829,0458829,2013-08-26T00:00:00.0000000,443853.000000,751-WP06,751-P06,751-P06-Original,SUNCOR 751P6 DOVER 15-7-93-12,SUNCOR P751P6 DOVER 15-7-93-12,125150709312W400,270.803436,444023.093750,6323060.000000,Mackay River,Pad 751,Pad 751 North
SUN-AB0458829-093-12-W4-00,125150709312W400,z-(base-of-continuous-res)-constrained-(unofficial),352.869995,2020-08-27T00:00:00.0000000,20xx-structure-release,Active,Cased,751 N,751 N,,167.635809,6322832.000000,,434.299988,438.900000,SAGD Producer,Y,,,AB0458829,0458829,2013-08-26T00:00:00.0000000,443853.000000,751-WP06,751-P06,751-P06-Original,SUNCOR 751P6 DOVER 15-7-93-12,SUNCOR P751P6 DOVER 15-7-93-12,125150709312W400,271.264191,444032.625000,6323076.000000,Mackay River,Pad 751,Pad 751 North
SUN-AB0458829-093-12-W4-00,125150709312W400,z-(base-of-continuous-res)-constrained-(unofficial),393.026672,2020-08-27T00:00:00.0000000,20xx-structure-release,Active,Cased,751 N,751 N,,167.342993,6322832.000000,,434.299988,438.900000,SAGD Producer,Y,,,AB0458829,0458829,2013-08-26T00:00:00.0000000,443853.000000,751-WP06,751-P06,751-P06-Original,SUNCOR 751P6 DOVER 15-7-93-12,SUNCOR P751P6 DOVER 15-7-93-12,125150709312W400,271.557007,444051.656250,6323110.500000,Mackay River,Pad 751,Pad 751 North
SUN-AB0458829-093-12-W4-00,125150709312W400,z-(base-of-continuous-res)-constrained-(unofficial),418.519989,2020-08-27T00:00:00.0000000,20xx-structure-release,Active,Cased,751 N,751 N,,167.462561,6322832.000000,,434.299988,438.900000,SAGD Producer,Y,,,AB0458829,0458829,2013-08-26T00:00:00.0000000,443853.000000,751-WP06,751-P06,751-P06-Original,SUNCOR 751P6 DOVER 15-7-93-12,SUNCOR P751P6 DOVER 15-7-93-12,125150709312W400,271.437439,444060.500000,6323134.500000,Mackay River,Pad 751,Pad 751 North
SUN-AB0458829-093-12-W4-00,125150709312W400,z-(base-of-continuous-res)-constrained-(unofficial),436.720001,2020-08-27T00:00:00.0000000,20xx-structure-release,Active,Cased,751 N,751 N,,167.629980,6322832.000000,,434.299988,438.900000,SAGD Producer,Y,,,AB0458829,0458829,2013-08-26T00:00:00.0000000,443853.000000,751-WP06,751-P06,751-P06-Original,SUNCOR 751P6 DOVER 15-7-93-12,SUNCOR P751P6 DOVER 15-7-93-12,125150709312W400,271.270020,444065.468750,6323152.000000,Mackay River,Pad 751,Pad 751 North
SUN-AB0458829-093-12-W4-00,125150709312W400,z-(base-of-continuous-res)-constrained-(unofficial),404.135010,2020-08-27T00:00:00.0000000,20xx-structure-release,Active,Cased,751 N,751 N,,167.397009,6322832.000000,,434.299988,438.900000,SAGD Producer,Y,,,AB0458829,0458829,2013-08-26T00:00:00.0000000,443853.000000,751-WP06,751-P06,751-P06-Original,SUNCOR 751P6 DOVER 15-7-93-12,SUNCOR P751P6 DOVER 15-7-93-12,125150709312W400,271.502991,444055.812500,6323121.000000,Mackay River,Pad 751,Pad 751 North
SUN-AB0458829-093-12-W4-00,125150709312W400,z-(base-of-continuous-res)-constrained-(unofficial),383.489990,2020-08-27T00:00:00.0000000,20xx-structure-release,Active,Cased,751 N,751 N,,167.299689,6322832.000000,,434.299988,438.900000,SAGD Producer,Y,,,AB0458829,0458829,2013-08-26T00:00:00.0000000,443853.000000,751-WP06,751-P06,751-P06-Original,SUNCOR 751P6 DOVER 15-7-93-12,SUNCOR P751P6 DOVER 15-7-93-12,125150709312W400,271.600311,444047.687500,6323102.000000,Mackay River,Pad 751,Pad 751 North
SUN-AB0458829-093-12-W4-00,125150709312W400,z-(base-of-continuous-res)-constrained-(unofficial),399.380005,2020-08-27T00:00:00.0000000,20xx-structure-release,Active,Cased,751 N,751 N,,167.373785,6322832.000000,,434.299988,438.900000,SAGD Producer,Y,,,AB0458829,0458829,2013-08-26T00:00:00.0000000,443853.000000,751-WP06,751-P06,751-P06-Original,SUNCOR 751P6 DOVER 15-7-93-12,SUNCOR P751P6 DOVER 15-7-93-12,125150709312W400,271.526215,444054.093750,6323116.500000,Mackay River,Pad 751,Pad 751 North
